repo,date
ollama/ollama,2025-04-17
ollama/ollama,2025-04-06
ollama/ollama,2025-04-02
ollama/ollama,2025-03-22
ollama/ollama,2025-03-18
ollama/ollama,2025-03-14
ollama/ollama,2025-03-11
ollama/ollama,2025-02-27
ollama/ollama,2025-02-20
ollama/ollama,2025-02-14
ollama/ollama,2025-02-14
ollama/ollama,2025-02-12
ollama/ollama,2025-02-05
ollama/ollama,2025-01-16
ollama/ollama,2025-01-15
ollama/ollama,2025-01-08
ollama/ollama,2024-12-17
ollama/ollama,2024-12-17
ollama/ollama,2024-12-11
ollama/ollama,2024-12-06
ollama/ollama,2024-12-04
ollama/ollama,2024-12-01
ollama/ollama,2024-11-28
ollama/ollama,2024-11-26
ollama/ollama,2024-11-23
ollama/ollama,2024-11-20
ollama/ollama,2024-11-15
ollama/ollama,2024-11-08
ollama/ollama,2024-10-21
ollama/ollama,2024-10-17
ollama/ollama,2024-10-11
ollama/ollama,2024-09-23
ollama/ollama,2024-09-17
ollama/ollama,2024-09-06
ollama/ollama,2024-08-31
ollama/ollama,2024-08-28
ollama/ollama,2024-08-20
ollama/ollama,2024-08-13
ollama/ollama,2024-08-11
ollama/ollama,2024-08-06
ollama/ollama,2024-08-02
ollama/ollama,2024-08-01
ollama/ollama,2024-07-30
ollama/ollama,2024-07-25
ollama/ollama,2024-07-21
ollama/ollama,2024-07-18
ollama/ollama,2024-07-18
ollama/ollama,2024-07-13
ollama/ollama,2024-07-13
ollama/ollama,2024-07-13
ollama/ollama,2024-07-11
ollama/ollama,2024-07-09
ollama/ollama,2024-07-02
ollama/ollama,2024-06-29
ollama/ollama,2024-06-27
ollama/ollama,2024-06-22
ollama/ollama,2024-06-15
ollama/ollama,2024-06-13
ollama/ollama,2024-06-11
ollama/ollama,2024-06-07
ollama/ollama,2024-06-02
ollama/ollama,2024-05-31
ollama/ollama,2024-05-22
ollama/ollama,2024-05-15
ollama/ollama,2024-05-12
ollama/ollama,2024-05-11
ollama/ollama,2024-05-10
ollama/ollama,2024-05-07
ollama/ollama,2024-04-28
ollama/ollama,2024-04-10
ollama/ollama,2024-04-05
ollama/ollama,2024-03-26
ollama/ollama,2024-03-10
ollama/ollama,2024-03-01
ollama/ollama,2024-02-22
ollama/ollama,2024-02-21
ollama/ollama,2024-02-14
ollama/ollama,2024-02-08
ollama/ollama,2024-02-02
ollama/ollama,2024-01-26
ollama/ollama,2024-01-20
ollama/ollama,2024-01-11
ollama/ollama,2024-01-08
ollama/ollama,2024-01-03
ollama/ollama,2023-12-19
ollama/ollama,2023-12-14
ollama/ollama,2023-12-12
ollama/ollama,2023-12-08
ollama/ollama,2023-11-30
ollama/ollama,2023-11-26
ollama/ollama,2023-11-20
ollama/ollama,2023-11-17
ollama/ollama,2023-11-10
ollama/ollama,2023-11-04
ollama/ollama,2023-10-28
ollama/ollama,2023-10-27
ollama/ollama,2023-10-24
ollama/ollama,2023-10-20
ollama/ollama,2023-10-13
ollama/ollama,2023-10-12
ollama/ollama,2023-10-02
ollama/ollama,2023-09-23
ollama/ollama,2023-09-23
ollama/ollama,2023-09-22
ollama/ollama,2023-09-11
ollama/ollama,2023-09-06
ollama/ollama,2023-08-30
ollama/ollama,2023-08-26
ollama/ollama,2023-08-18
ollama/ollama,2023-08-10
ollama/ollama,2023-08-02
ollama/ollama,2023-07-26
ollama/ollama,2023-07-21
ollama/ollama,2023-07-20
ollama/ollama,2023-07-20
ollama/ollama,2023-07-19
ollama/ollama,2023-07-19
ollama/ollama,2023-07-18
ollama/ollama,2023-07-13
ollama/ollama,2023-07-13
ollama/ollama,2023-07-11
ollama/ollama,2023-07-11
ollama/ollama,2023-07-08
langchain-ai/langchain,2025-04-24
langchain-ai/langchain,2025-04-24
langchain-ai/langchain,2025-04-23
langchain-ai/langchain,2025-04-22
langchain-ai/langchain,2025-04-22
langchain-ai/langchain,2025-04-21
langchain-ai/langchain,2025-04-17
langchain-ai/langchain,2025-04-17
langchain-ai/langchain,2025-04-17
langchain-ai/langchain,2025-04-17
langchain-ai/langchain,2025-04-17
langchain-ai/langchain,2025-04-16
langchain-ai/langchain,2025-04-15
langchain-ai/langchain,2025-04-15
langchain-ai/langchain,2025-04-15
langchain-ai/langchain,2025-04-15
langchain-ai/langchain,2025-04-15
langchain-ai/langchain,2025-04-15
langchain-ai/langchain,2025-04-11
langchain-ai/langchain,2025-04-07
langchain-ai/langchain,2025-04-04
langchain-ai/langchain,2025-04-04
langchain-ai/langchain,2025-04-04
langchain-ai/langchain,2025-04-04
langchain-ai/langchain,2025-04-03
langchain-ai/langchain,2025-04-02
langchain-ai/langchain,2025-04-02
langchain-ai/langchain,2025-03-31
langchain-ai/langchain,2025-03-31
langchain-ai/langchain,2025-03-27
langchain-ai/langchain,2025-03-27
langchain-ai/langchain,2025-03-26
langchain-ai/langchain,2025-03-26
langchain-ai/langchain,2025-03-26
langchain-ai/langchain,2025-03-24
langchain-ai/langchain,2025-03-24
langchain-ai/langchain,2025-03-24
langchain-ai/langchain,2025-03-21
langchain-ai/langchain,2025-03-21
langchain-ai/langchain,2025-03-20
langchain-ai/langchain,2025-03-20
langchain-ai/langchain,2025-03-20
langchain-ai/langchain,2025-03-20
langchain-ai/langchain,2025-03-20
langchain-ai/langchain,2025-03-20
langchain-ai/langchain,2025-03-19
langchain-ai/langchain,2025-03-19
langchain-ai/langchain,2025-03-18
langchain-ai/langchain,2025-03-18
langchain-ai/langchain,2025-03-18
langchain-ai/langchain,2025-03-17
langchain-ai/langchain,2025-03-14
langchain-ai/langchain,2025-03-13
langchain-ai/langchain,2025-03-13
langchain-ai/langchain,2025-03-12
langchain-ai/langchain,2025-03-11
langchain-ai/langchain,2025-03-07
langchain-ai/langchain,2025-03-07
langchain-ai/langchain,2025-03-07
langchain-ai/langchain,2025-03-07
langchain-ai/langchain,2025-03-07
langchain-ai/langchain,2025-03-04
langchain-ai/langchain,2025-03-04
langchain-ai/langchain,2025-03-04
langchain-ai/langchain,2025-03-04
langchain-ai/langchain,2025-03-04
langchain-ai/langchain,2025-02-25
langchain-ai/langchain,2025-02-24
langchain-ai/langchain,2025-02-24
langchain-ai/langchain,2025-02-24
langchain-ai/langchain,2025-02-24
langchain-ai/langchain,2025-02-20
langchain-ai/langchain,2025-02-19
langchain-ai/langchain,2025-02-19
langchain-ai/langchain,2025-02-18
langchain-ai/langchain,2025-02-17
langchain-ai/langchain,2025-02-17
langchain-ai/langchain,2025-02-15
langchain-ai/langchain,2025-02-14
langchain-ai/langchain,2025-02-13
langchain-ai/langchain,2025-02-12
langchain-ai/langchain,2025-02-11
langchain-ai/langchain,2025-02-11
langchain-ai/langchain,2025-02-11
langchain-ai/langchain,2025-02-07
langchain-ai/langchain,2025-02-07
langchain-ai/langchain,2025-02-06
langchain-ai/langchain,2025-02-06
langchain-ai/langchain,2025-02-06
langchain-ai/langchain,2025-02-06
langchain-ai/langchain,2025-02-06
langchain-ai/langchain,2025-02-06
langchain-ai/langchain,2025-02-05
langchain-ai/langchain,2025-02-04
langchain-ai/langchain,2025-02-04
langchain-ai/langchain,2025-02-04
langchain-ai/langchain,2025-02-04
langchain-ai/langchain,2025-02-04
langchain-ai/langchain,2025-02-03
langchain-ai/langchain,2025-01-29
langchain-ai/langchain,2025-01-29
langchain-ai/langchain,2025-01-29
langchain-ai/langchain,2025-01-29
langchain-ai/langchain,2025-01-29
langchain-ai/langchain,2025-01-29
langchain-ai/langchain,2025-01-30
langchain-ai/langchain,2025-01-29
langchain-ai/langchain,2025-01-29
langchain-ai/langchain,2025-01-28
langchain-ai/langchain,2025-01-28
langchain-ai/langchain,2025-01-28
langchain-ai/langchain,2025-01-28
langchain-ai/langchain,2025-01-27
langchain-ai/langchain,2025-01-23
langchain-ai/langchain,2025-01-24
langchain-ai/langchain,2025-01-22
langchain-ai/langchain,2025-01-21
langchain-ai/langchain,2025-01-21
langchain-ai/langchain,2025-01-21
langchain-ai/langchain,2025-01-19
langchain-ai/langchain,2025-01-17
langchain-ai/langchain,2025-01-17
langchain-ai/langchain,2025-01-16
langchain-ai/langchain,2025-01-10
langchain-ai/langchain,2025-01-10
langchain-ai/langchain,2025-01-10
langchain-ai/langchain,2025-01-10
langchain-ai/langchain,2025-01-08
langchain-ai/langchain,2025-01-07
langchain-ai/langchain,2025-01-07
langchain-ai/langchain,2025-01-08
langchain-ai/langchain,2025-01-06
langchain-ai/langchain,2025-01-03
langchain-ai/langchain,2025-01-03
langchain-ai/langchain,2025-01-03
langchain-ai/langchain,2024-12-19
langchain-ai/langchain,2024-12-19
langchain-ai/langchain,2024-12-19
langchain-ai/langchain,2024-12-19
langchain-ai/langchain,2024-12-19
langchain-ai/langchain,2024-12-18
langchain-ai/langchain,2024-12-18
langchain-ai/langchain,2024-12-18
langchain-ai/langchain,2024-12-18
langchain-ai/langchain,2024-12-18
langchain-ai/langchain,2024-12-18
langchain-ai/langchain,2024-12-18
langchain-ai/langchain,2024-12-18
langchain-ai/langchain,2024-12-18
langchain-ai/langchain,2024-12-14
langchain-ai/langchain,2024-12-14
langchain-ai/langchain,2024-12-14
langchain-ai/langchain,2024-12-14
langchain-ai/langchain,2024-12-10
langchain-ai/langchain,2024-12-10
langchain-ai/langchain,2024-12-10
langchain-ai/langchain,2024-12-10
langchain-ai/langchain,2024-12-09
langchain-ai/langchain,2024-12-09
langchain-ai/langchain,2024-12-07
langchain-ai/langchain,2024-12-07
langchain-ai/langchain,2024-12-06
langchain-ai/langchain,2024-12-06
langchain-ai/langchain,2024-12-06
langchain-ai/langchain,2024-12-05
langchain-ai/langchain,2024-12-05
langchain-ai/langchain,2024-12-03
langchain-ai/langchain,2024-12-02
langchain-ai/langchain,2024-12-02
langchain-ai/langchain,2024-12-02
langchain-ai/langchain,2024-11-27
langchain-ai/langchain,2024-11-26
langchain-ai/langchain,2024-11-26
langchain-ai/langchain,2024-11-23
langchain-ai/langchain,2024-11-23
langchain-ai/langchain,2024-11-23
langchain-ai/langchain,2024-11-22
langchain-ai/langchain,2024-11-22
langchain-ai/langchain,2024-11-21
langchain-ai/langchain,2024-11-20
langchain-ai/langchain,2024-11-20
langchain-ai/langchain,2024-11-19
langchain-ai/langchain,2024-11-19
langchain-ai/langchain,2024-11-19
langchain-ai/langchain,2024-11-15
langchain-ai/langchain,2024-11-15
langchain-ai/langchain,2024-11-15
langchain-ai/langchain,2024-11-13
langchain-ai/langchain,2024-11-13
langchain-ai/langchain,2024-11-12
langchain-ai/langchain,2024-11-12
langchain-ai/langchain,2024-11-12
langchain-ai/langchain,2024-11-12
langchain-ai/langchain,2024-11-12
langchain-ai/langchain,2024-11-12
langchain-ai/langchain,2024-11-12
langchain-ai/langchain,2024-11-12
langchain-ai/langchain,2024-11-05
langchain-ai/langchain,2024-11-05
langchain-ai/langchain,2024-11-05
langchain-ai/langchain,2024-11-04
langchain-ai/langchain,2024-11-04
langchain-ai/langchain,2024-11-02
langchain-ai/langchain,2024-11-01
langchain-ai/langchain,2024-11-01
langchain-ai/langchain,2024-11-01
langchain-ai/langchain,2024-11-01
langchain-ai/langchain,2024-11-01
langchain-ai/langchain,2024-11-01
langchain-ai/langchain,2024-11-01
langchain-ai/langchain,2024-11-01
langchain-ai/langchain,2024-10-31
langchain-ai/langchain,2024-10-31
langchain-ai/langchain,2024-10-31
langchain-ai/langchain,2024-10-31
langchain-ai/langchain,2024-10-31
langchain-ai/langchain,2024-10-31
langchain-ai/langchain,2024-10-31
langchain-ai/langchain,2024-10-31
langchain-ai/langchain,2024-10-31
langchain-ai/langchain,2024-10-31
langchain-ai/langchain,2024-10-30
langchain-ai/langchain,2024-10-30
langchain-ai/langchain,2024-10-30
langchain-ai/langchain,2024-10-30
langchain-ai/langchain,2024-10-28
langchain-ai/langchain,2024-10-28
langchain-ai/langchain,2024-10-28
langchain-ai/langchain,2024-10-25
langchain-ai/langchain,2024-10-18
langchain-ai/langchain,2024-10-18
langchain-ai/langchain,2024-10-18
langchain-ai/langchain,2024-10-17
langchain-ai/langchain,2024-10-16
langchain-ai/langchain,2024-10-15
langchain-ai/langchain,2024-10-09
langchain-ai/langchain,2024-10-08
langchain-ai/langchain,2024-10-08
langchain-ai/langchain,2024-10-04
langchain-ai/langchain,2024-10-04
langchain-ai/langchain,2024-10-04
langchain-ai/langchain,2024-10-04
langchain-ai/langchain,2024-10-04
langchain-ai/langchain,2024-10-03
langchain-ai/langchain,2024-10-02
langchain-ai/langchain,2024-09-30
langchain-ai/langchain,2024-09-26
langchain-ai/langchain,2024-09-25
langchain-ai/langchain,2024-09-25
langchain-ai/langchain,2024-09-25
langchain-ai/langchain,2024-09-24
langchain-ai/langchain,2024-09-24
langchain-ai/langchain,2024-09-21
langchain-ai/langchain,2024-09-20
langchain-ai/langchain,2024-09-20
langchain-ai/langchain,2024-09-19
langchain-ai/langchain,2024-09-19
langchain-ai/langchain,2024-09-19
langchain-ai/langchain,2024-09-18
langchain-ai/langchain,2024-09-17
langchain-ai/langchain,2024-09-17
langchain-ai/langchain,2024-09-17
langchain-ai/langchain,2024-09-16
langchain-ai/langchain,2024-09-16
langchain-ai/langchain,2024-09-16
langchain-ai/langchain,2024-09-16
langchain-ai/langchain,2024-09-16
langchain-ai/langchain,2024-09-16
langchain-ai/langchain,2024-09-14
langchain-ai/langchain,2024-09-14
langchain-ai/langchain,2024-09-13
langchain-ai/langchain,2024-09-13
langchain-ai/langchain,2024-09-13
langchain-ai/langchain,2024-09-14
langchain-ai/langchain,2024-09-13
langchain-ai/langchain,2024-09-13
langchain-ai/langchain,2024-09-13
langchain-ai/langchain,2024-09-13
langchain-ai/langchain,2024-09-13
langchain-ai/langchain,2024-09-13
langchain-ai/langchain,2024-09-13
langchain-ai/langchain,2024-09-13
langchain-ai/langchain,2024-09-13
langchain-ai/langchain,2024-09-13
langchain-ai/langchain,2024-09-13
langchain-ai/langchain,2024-09-13
langchain-ai/langchain,2024-09-13
langchain-ai/langchain,2024-09-13
langchain-ai/langchain,2024-09-13
langchain-ai/langchain,2024-09-13
langchain-ai/langchain,2024-09-12
langchain-ai/langchain,2024-09-12
langchain-ai/langchain,2024-09-12
langchain-ai/langchain,2024-09-12
langchain-ai/langchain,2024-09-11
langchain-ai/langchain,2024-09-11
langchain-ai/langchain,2024-09-11
langchain-ai/langchain,2024-09-10
langchain-ai/langchain,2024-09-10
langchain-ai/langchain,2024-09-10
langchain-ai/langchain,2024-09-10
langchain-ai/langchain,2024-09-09
langchain-ai/langchain,2024-09-09
langchain-ai/langchain,2024-09-07
langchain-ai/langchain,2024-09-06
langchain-ai/langchain,2024-09-06
langchain-ai/langchain,2024-09-06
langchain-ai/langchain,2024-09-05
langchain-ai/langchain,2024-09-05
langchain-ai/langchain,2024-09-05
langchain-ai/langchain,2024-09-05
langchain-ai/langchain,2024-09-05
langchain-ai/langchain,2024-09-05
langchain-ai/langchain,2024-09-05
langchain-ai/langchain,2024-09-05
langchain-ai/langchain,2024-09-05
langchain-ai/langchain,2024-09-05
langchain-ai/langchain,2024-09-05
langchain-ai/langchain,2024-09-05
langchain-ai/langchain,2024-09-05
langchain-ai/langchain,2024-09-04
langchain-ai/langchain,2024-09-03
langchain-ai/langchain,2024-09-03
langchain-ai/langchain,2024-09-03
langchain-ai/langchain,2024-09-03
langchain-ai/langchain,2024-09-03
langchain-ai/langchain,2024-09-03
langchain-ai/langchain,2024-08-31
langchain-ai/langchain,2024-08-30
langchain-ai/langchain,2024-08-30
langchain-ai/langchain,2024-08-29
langchain-ai/langchain,2024-08-28
langchain-ai/langchain,2024-08-28
langchain-ai/langchain,2024-08-28
langchain-ai/langchain,2024-08-28
langchain-ai/langchain,2024-08-28
langchain-ai/langchain,2024-08-28
langchain-ai/langchain,2024-08-25
langchain-ai/langchain,2024-08-22
langchain-ai/langchain,2024-08-21
langchain-ai/langchain,2024-08-21
langchain-ai/langchain,2024-08-21
langchain-ai/langchain,2024-08-16
langchain-ai/langchain,2024-08-16
langchain-ai/langchain,2024-08-15
langchain-ai/langchain,2024-08-14
langchain-ai/langchain,2024-08-14
langchain-ai/langchain,2024-08-14
langchain-ai/langchain,2024-08-12
langchain-ai/langchain,2024-08-12
langchain-ai/langchain,2024-08-13
langchain-ai/langchain,2024-08-10
langchain-ai/langchain,2024-08-08
langchain-ai/langchain,2024-08-08
langchain-ai/langchain,2024-08-07
langchain-ai/langchain,2024-08-07
langchain-ai/langchain,2024-08-06
langchain-ai/langchain,2024-08-06
langchain-ai/langchain,2024-08-06
langchain-ai/langchain,2024-08-02
langchain-ai/langchain,2024-08-02
langchain-ai/langchain,2024-08-02
langchain-ai/langchain,2024-08-02
langchain-ai/langchain,2024-08-02
langchain-ai/langchain,2024-08-01
langchain-ai/langchain,2024-07-31
langchain-ai/langchain,2024-07-31
langchain-ai/langchain,2024-07-31
langchain-ai/langchain,2024-07-31
langchain-ai/langchain,2024-07-31
langchain-ai/langchain,2024-07-31
langchain-ai/langchain,2024-07-31
langchain-ai/langchain,2024-07-31
langchain-ai/langchain,2024-07-30
langchain-ai/langchain,2024-07-30
langchain-ai/langchain,2024-07-29
langchain-ai/langchain,2024-07-29
langchain-ai/langchain,2024-07-29
langchain-ai/langchain,2024-07-26
langchain-ai/langchain,2024-07-26
langchain-ai/langchain,2024-07-26
langchain-ai/langchain,2024-07-26
langchain-ai/langchain,2024-07-26
langchain-ai/langchain,2024-07-24
langchain-ai/langchain,2024-07-24
langchain-ai/langchain,2024-07-24
langchain-ai/langchain,2024-07-24
langchain-ai/langchain,2024-07-24
langchain-ai/langchain,2024-07-23
langchain-ai/langchain,2024-07-23
langchain-ai/langchain,2024-07-23
langchain-ai/langchain,2024-07-23
langchain-ai/langchain,2024-07-23
langchain-ai/langchain,2024-07-22
langchain-ai/langchain,2024-07-19
langchain-ai/langchain,2024-07-19
langchain-ai/langchain,2024-07-19
langchain-ai/langchain,2024-07-19
langchain-ai/langchain,2024-07-17
langchain-ai/langchain,2024-07-17
langchain-ai/langchain,2024-07-17
langchain-ai/langchain,2024-07-17
langchain-ai/langchain,2024-07-17
langchain-ai/langchain,2024-07-17
langchain-ai/langchain,2024-07-16
langchain-ai/langchain,2024-07-15
langchain-ai/langchain,2024-07-15
langchain-ai/langchain,2024-07-13
langchain-ai/langchain,2024-07-12
langchain-ai/langchain,2024-07-12
langchain-ai/langchain,2024-07-12
langchain-ai/langchain,2024-07-12
langchain-ai/langchain,2024-07-12
langchain-ai/langchain,2024-07-12
langchain-ai/langchain,2024-07-12
langchain-ai/langchain,2024-07-12
langchain-ai/langchain,2024-07-11
langchain-ai/langchain,2024-07-10
langchain-ai/langchain,2024-07-10
langchain-ai/langchain,2024-07-09
langchain-ai/langchain,2024-07-08
langchain-ai/langchain,2024-07-08
langchain-ai/langchain,2024-07-05
langchain-ai/langchain,2024-07-02
langchain-ai/langchain,2024-07-02
langchain-ai/langchain,2024-07-02
langchain-ai/langchain,2024-07-02
langchain-ai/langchain,2024-07-02
langchain-ai/langchain,2024-07-01
langchain-ai/langchain,2024-06-29
langchain-ai/langchain,2024-06-29
langchain-ai/langchain,2024-06-29
langchain-ai/langchain,2024-06-29
langchain-ai/langchain,2024-06-29
langchain-ai/langchain,2024-06-28
langchain-ai/langchain,2024-06-27
langchain-ai/langchain,2024-06-27
langchain-ai/langchain,2024-06-26
langchain-ai/langchain,2024-06-25
langchain-ai/langchain,2024-06-25
langchain-ai/langchain,2024-06-25
langchain-ai/langchain,2024-06-25
langchain-ai/langchain,2024-06-25
langchain-ai/langchain,2024-06-25
langchain-ai/langchain,2024-06-21
langchain-ai/langchain,2024-06-18
langchain-ai/langchain,2024-06-17
langchain-ai/langchain,2024-06-14
langchain-ai/langchain,2024-06-14
langchain-ai/langchain,2024-06-14
langchain-ai/langchain,2024-06-14
langchain-ai/langchain,2024-06-14
langchain-ai/langchain,2024-06-14
langchain-ai/langchain,2024-06-14
langchain-ai/langchain,2024-06-13
langchain-ai/langchain,2024-06-07
langchain-ai/langchain,2024-06-07
langchain-ai/langchain,2024-06-06
langchain-ai/langchain,2024-06-06
langchain-ai/langchain,2024-06-06
langchain-ai/langchain,2024-06-05
langchain-ai/langchain,2024-06-05
langchain-ai/langchain,2024-06-05
langchain-ai/langchain,2024-06-05
langchain-ai/langchain,2024-06-04
langchain-ai/langchain,2024-06-04
langchain-ai/langchain,2024-06-04
langchain-ai/langchain,2024-06-04
langchain-ai/langchain,2024-06-04
langchain-ai/langchain,2024-06-04
langchain-ai/langchain,2024-06-04
langchain-ai/langchain,2024-06-04
langchain-ai/langchain,2024-06-04
langchain-ai/langchain,2024-06-04
langchain-ai/langchain,2024-06-04
langchain-ai/langchain,2024-05-31
langchain-ai/langchain,2024-05-30
langchain-ai/langchain,2024-05-30
langchain-ai/langchain,2024-05-29
langchain-ai/langchain,2024-05-29
langchain-ai/langchain,2024-05-29
langchain-ai/langchain,2024-05-28
langchain-ai/langchain,2024-05-24
langchain-ai/langchain,2024-05-23
langchain-ai/langchain,2024-05-23
langchain-ai/langchain,2024-05-23
langchain-ai/langchain,2024-05-23
langchain-ai/langchain,2024-05-23
langchain-ai/langchain,2024-05-23
langchain-ai/langchain,2024-05-22
langchain-ai/langchain,2024-05-22
langchain-ai/langchain,2024-05-20
langchain-ai/langchain,2024-05-17
langchain-ai/langchain,2024-05-17
langchain-ai/langchain,2024-05-17
langchain-ai/langchain,2024-05-17
langchain-ai/langchain,2024-05-17
langchain-ai/langchain,2024-05-16
langchain-ai/langchain,2024-05-16
langchain-ai/langchain,2024-05-16
langchain-ai/langchain,2024-05-16
langchain-ai/langchain,2024-05-16
langchain-ai/langchain,2024-05-16
langchain-ai/langchain,2024-05-16
langchain-ai/langchain,2024-05-16
langchain-ai/langchain,2024-05-15
langchain-ai/langchain,2024-05-15
langchain-ai/langchain,2024-05-15
langchain-ai/langchain,2024-05-15
langchain-ai/langchain,2024-05-15
langchain-ai/langchain,2024-05-15
langchain-ai/langchain,2024-05-15
langchain-ai/langchain,2024-05-15
langchain-ai/langchain,2024-05-15
langchain-ai/langchain,2024-05-15
langchain-ai/langchain,2024-05-15
langchain-ai/langchain,2024-05-15
langchain-ai/langchain,2024-05-15
langchain-ai/langchain,2024-05-15
langchain-ai/langchain,2024-05-14
langchain-ai/langchain,2024-05-14
langchain-ai/langchain,2024-05-14
langchain-ai/langchain,2024-05-13
langchain-ai/langchain,2024-05-11
langchain-ai/langchain,2024-05-10
langchain-ai/langchain,2024-05-09
langchain-ai/langchain,2024-05-09
langchain-ai/langchain,2024-05-09
langchain-ai/langchain,2024-05-09
langchain-ai/langchain,2024-05-08
langchain-ai/langchain,2024-05-08
langchain-ai/langchain,2024-05-08
langchain-ai/langchain,2024-05-08
langchain-ai/langchain,2024-05-08
langchain-ai/langchain,2024-05-08
langchain-ai/langchain,2024-05-07
langchain-ai/langchain,2024-05-06
langchain-ai/langchain,2024-05-06
langchain-ai/langchain,2024-05-06
langchain-ai/langchain,2024-05-06
langchain-ai/langchain,2024-05-08
langchain-ai/langchain,2024-05-03
langchain-ai/langchain,2024-05-02
langchain-ai/langchain,2024-05-02
langchain-ai/langchain,2024-05-01
langchain-ai/langchain,2024-05-01
langchain-ai/langchain,2024-04-30
langchain-ai/langchain,2024-04-30
langchain-ai/langchain,2024-04-30
langchain-ai/langchain,2024-04-30
langchain-ai/langchain,2024-04-30
langchain-ai/langchain,2024-04-26
langchain-ai/langchain,2024-04-11
langchain-ai/langchain,2024-04-09
langchain-ai/langchain,2024-04-01
langchain-ai/langchain,2024-03-20
langchain-ai/langchain,2024-03-13
langchain-ai/langchain,2024-03-05
langchain-ai/langchain,2024-03-02
langchain-ai/langchain,2024-02-23
langchain-ai/langchain,2024-02-19
langchain-ai/langchain,2024-02-13
langchain-ai/langchain,2024-02-09
langchain-ai/langchain,2024-02-01
langchain-ai/langchain,2024-01-25
langchain-ai/langchain,2024-01-23
langchain-ai/langchain,2024-01-22
langchain-ai/langchain,2024-01-16
langchain-ai/langchain,2024-01-06
langchain-ai/langchain,2024-01-03
langchain-ai/langchain,2023-12-29
langchain-ai/langchain,2023-12-20
langchain-ai/langchain,2023-12-18
langchain-ai/langchain,2023-12-12
langchain-ai/langchain,2023-12-11
langchain-ai/langchain,2023-12-09
langchain-ai/langchain,2023-12-08
langchain-ai/langchain,2023-12-07
langchain-ai/langchain,2023-12-07
langchain-ai/langchain,2023-12-05
langchain-ai/langchain,2023-12-02
langchain-ai/langchain,2023-12-01
langchain-ai/langchain,2023-11-29
langchain-ai/langchain,2023-11-28
langchain-ai/langchain,2023-11-27
langchain-ai/langchain,2023-11-25
langchain-ai/langchain,2023-11-23
langchain-ai/langchain,2023-11-23
langchain-ai/langchain,2023-11-22
langchain-ai/langchain,2023-11-21
langchain-ai/langchain,2023-11-20
langchain-ai/langchain,2023-11-18
langchain-ai/langchain,2023-11-17
langchain-ai/langchain,2023-11-15
langchain-ai/langchain,2023-11-12
langchain-ai/langchain,2023-11-10
langchain-ai/langchain,2023-11-09
langchain-ai/langchain,2023-11-08
langchain-ai/langchain,2023-11-08
langchain-ai/langchain,2023-11-07
langchain-ai/langchain,2023-11-06
langchain-ai/langchain,2023-11-06
langchain-ai/langchain,2023-11-06
langchain-ai/langchain,2023-11-03
langchain-ai/langchain,2023-11-02
langchain-ai/langchain,2023-10-31
langchain-ai/langchain,2023-10-30
langchain-ai/langchain,2023-10-27
langchain-ai/langchain,2023-10-26
langchain-ai/langchain,2023-10-25
langchain-ai/langchain,2023-10-24
langchain-ai/langchain,2023-10-23
langchain-ai/langchain,2023-10-21
langchain-ai/langchain,2023-10-19
langchain-ai/langchain,2023-10-19
langchain-ai/langchain,2023-10-18
langchain-ai/langchain,2023-10-17
langchain-ai/langchain,2023-10-16
langchain-ai/langchain,2023-10-13
langchain-ai/langchain,2023-10-12
langchain-ai/langchain,2023-10-10
langchain-ai/langchain,2023-10-09
langchain-ai/langchain,2023-10-06
langchain-ai/langchain,2023-10-05
langchain-ai/langchain,2023-10-04
langchain-ai/langchain,2023-10-04
langchain-ai/langchain,2023-10-02
langchain-ai/langchain,2023-09-29
langchain-ai/langchain,2023-09-28
langchain-ai/langchain,2023-09-27
langchain-ai/langchain,2023-09-26
langchain-ai/langchain,2023-09-25
langchain-ai/langchain,2023-09-22
langchain-ai/langchain,2023-09-22
langchain-ai/langchain,2023-09-21
langchain-ai/langchain,2023-09-20
langchain-ai/langchain,2023-09-20
langchain-ai/langchain,2023-09-19
langchain-ai/langchain,2023-09-18
langchain-ai/langchain,2023-09-18
langchain-ai/langchain,2023-09-15
langchain-ai/langchain,2023-09-14
langchain-ai/langchain,2023-09-14
langchain-ai/langchain,2023-09-14
langchain-ai/langchain,2023-09-13
langchain-ai/langchain,2023-09-12
langchain-ai/langchain,2023-09-11
langchain-ai/langchain,2023-09-08
langchain-ai/langchain,2023-09-07
langchain-ai/langchain,2023-09-06
langchain-ai/langchain,2023-09-04
langchain-ai/langchain,2023-09-01
langchain-ai/langchain,2023-08-31
langchain-ai/langchain,2023-08-30
langchain-ai/langchain,2023-08-29
langchain-ai/langchain,2023-08-28
langchain-ai/langchain,2023-08-26
langchain-ai/langchain,2023-08-25
langchain-ai/langchain,2023-08-24
langchain-ai/langchain,2023-08-22
langchain-ai/langchain,2023-08-21
langchain-ai/langchain,2023-08-21
langchain-ai/langchain,2023-08-18
langchain-ai/langchain,2023-08-17
langchain-ai/langchain,2023-08-16
langchain-ai/langchain,2023-08-15
langchain-ai/langchain,2023-08-14
langchain-ai/langchain,2023-08-12
langchain-ai/langchain,2023-08-11
langchain-ai/langchain,2023-08-10
langchain-ai/langchain,2023-08-09
langchain-ai/langchain,2023-08-09
langchain-ai/langchain,2023-08-08
langchain-ai/langchain,2023-08-08
langchain-ai/langchain,2023-08-07
langchain-ai/langchain,2023-08-07
langchain-ai/langchain,2023-08-06
langchain-ai/langchain,2023-08-05
langchain-ai/langchain,2023-08-04
langchain-ai/langchain,2023-08-03
langchain-ai/langchain,2023-08-02
langchain-ai/langchain,2023-08-01
langchain-ai/langchain,2023-07-31
langchain-ai/langchain,2023-07-29
langchain-ai/langchain,2023-07-27
langchain-ai/langchain,2023-07-27
langchain-ai/langchain,2023-07-26
langchain-ai/langchain,2023-07-26
langchain-ai/langchain,2023-07-26
langchain-ai/langchain,2023-07-25
langchain-ai/langchain,2023-07-23
langchain-ai/langchain,2023-07-22
langchain-ai/langchain,2023-07-22
langchain-ai/langchain,2023-07-22
langchain-ai/langchain,2023-07-22
langchain-ai/langchain,2023-07-21
langchain-ai/langchain,2023-07-21
langchain-ai/langchain,2023-07-21
langchain-ai/langchain,2023-07-22
langchain-ai/langchain,2023-07-21
langchain-ai/langchain,2023-07-21
langchain-ai/langchain,2023-07-21
langchain-ai/langchain,2023-07-20
langchain-ai/langchain,2023-07-19
langchain-ai/langchain,2023-07-19
langchain-ai/langchain,2023-07-17
langchain-ai/langchain,2023-07-15
langchain-ai/langchain,2023-07-14
langchain-ai/langchain,2023-07-13
langchain-ai/langchain,2023-07-12
langchain-ai/langchain,2023-07-11
langchain-ai/langchain,2023-07-10
langchain-ai/langchain,2023-07-08
langchain-ai/langchain,2023-07-07
langchain-ai/langchain,2023-07-07
langchain-ai/langchain,2023-07-06
langchain-ai/langchain,2023-07-05
langchain-ai/langchain,2023-07-04
langchain-ai/langchain,2023-07-03
langchain-ai/langchain,2023-07-02
langchain-ai/langchain,2023-06-30
langchain-ai/langchain,2023-06-29
langchain-ai/langchain,2023-06-28
langchain-ai/langchain,2023-06-27
langchain-ai/langchain,2023-06-26
langchain-ai/langchain,2023-06-25
langchain-ai/langchain,2023-06-24
langchain-ai/langchain,2023-06-24
langchain-ai/langchain,2023-06-23
langchain-ai/langchain,2023-06-23
langchain-ai/langchain,2023-06-23
langchain-ai/langchain,2023-06-22
langchain-ai/langchain,2023-06-21
langchain-ai/langchain,2023-06-20
langchain-ai/langchain,2023-06-20
langchain-ai/langchain,2023-06-19
langchain-ai/langchain,2023-06-19
langchain-ai/langchain,2023-06-18
langchain-ai/langchain,2023-06-16
langchain-ai/langchain,2023-06-15
langchain-ai/langchain,2023-06-14
langchain-ai/langchain,2023-06-13
langchain-ai/langchain,2023-06-12
langchain-ai/langchain,2023-06-11
langchain-ai/langchain,2023-06-10
langchain-ai/langchain,2023-06-09
langchain-ai/langchain,2023-06-08
langchain-ai/langchain,2023-06-07
langchain-ai/langchain,2023-06-07
langchain-ai/langchain,2023-06-06
langchain-ai/langchain,2023-06-05
langchain-ai/langchain,2023-06-02
langchain-ai/langchain,2023-06-01
langchain-ai/langchain,2023-05-31
langchain-ai/langchain,2023-05-30
langchain-ai/langchain,2023-05-30
langchain-ai/langchain,2023-05-29
langchain-ai/langchain,2023-05-28
langchain-ai/langchain,2023-05-28
langchain-ai/langchain,2023-05-26
langchain-ai/langchain,2023-05-25
langchain-ai/langchain,2023-05-24
langchain-ai/langchain,2023-05-23
langchain-ai/langchain,2023-05-22
langchain-ai/langchain,2023-05-21
langchain-ai/langchain,2023-05-20
langchain-ai/langchain,2023-05-19
langchain-ai/langchain,2023-05-18
langchain-ai/langchain,2023-05-17
langchain-ai/langchain,2023-05-16
langchain-ai/langchain,2023-05-15
langchain-ai/langchain,2023-05-14
langchain-ai/langchain,2023-05-13
langchain-ai/langchain,2023-05-12
langchain-ai/langchain,2023-05-11
langchain-ai/langchain,2023-05-10
langchain-ai/langchain,2023-05-10
langchain-ai/langchain,2023-05-09
langchain-ai/langchain,2023-05-08
langchain-ai/langchain,2023-05-06
langchain-ai/langchain,2023-05-06
langchain-ai/langchain,2023-05-05
langchain-ai/langchain,2023-05-04
langchain-ai/langchain,2023-05-03
langchain-ai/langchain,2023-05-02
langchain-ai/langchain,2023-05-02
langchain-ai/langchain,2023-05-01
langchain-ai/langchain,2023-04-29
langchain-ai/langchain,2023-04-28
langchain-ai/langchain,2023-04-27
langchain-ai/langchain,2023-04-26
langchain-ai/langchain,2023-04-25
langchain-ai/langchain,2023-04-24
langchain-ai/langchain,2023-04-22
langchain-ai/langchain,2023-04-21
langchain-ai/langchain,2023-04-20
langchain-ai/langchain,2023-04-19
langchain-ai/langchain,2023-04-18
langchain-ai/langchain,2023-04-17
langchain-ai/langchain,2023-04-15
langchain-ai/langchain,2023-04-15
langchain-ai/langchain,2023-04-13
langchain-ai/langchain,2023-04-12
langchain-ai/langchain,2023-04-11
langchain-ai/langchain,2023-04-09
langchain-ai/langchain,2023-04-08
langchain-ai/langchain,2023-04-07
langchain-ai/langchain,2023-04-06
langchain-ai/langchain,2023-04-05
langchain-ai/langchain,2023-04-04
langchain-ai/langchain,2023-04-03
langchain-ai/langchain,2023-04-01
langchain-ai/langchain,2023-03-31
langchain-ai/langchain,2023-03-30
langchain-ai/langchain,2023-03-29
langchain-ai/langchain,2023-03-28
langchain-ai/langchain,2023-03-28
langchain-ai/langchain,2023-03-24
langchain-ai/langchain,2023-03-24
langchain-ai/langchain,2023-03-23
langchain-ai/langchain,2023-03-23
langchain-ai/langchain,2023-03-22
langchain-ai/langchain,2023-03-21
langchain-ai/langchain,2023-03-20
langchain-ai/langchain,2023-03-19
langchain-ai/langchain,2023-03-17
langchain-ai/langchain,2023-03-17
langchain-ai/langchain,2023-03-15
langchain-ai/langchain,2023-03-14
langchain-ai/langchain,2023-03-14
langchain-ai/langchain,2023-03-14
langchain-ai/langchain,2023-03-13
langchain-ai/langchain,2023-03-12
langchain-ai/langchain,2023-03-10
langchain-ai/langchain,2023-03-09
langchain-ai/langchain,2023-03-09
langchain-ai/langchain,2023-03-08
langchain-ai/langchain,2023-03-07
langchain-ai/langchain,2023-03-06
langchain-ai/langchain,2023-03-04
langchain-ai/langchain,2023-03-02
langchain-ai/langchain,2023-03-02
langchain-ai/langchain,2023-03-01
langchain-ai/langchain,2023-03-01
langchain-ai/langchain,2023-02-28
langchain-ai/langchain,2023-02-27
langchain-ai/langchain,2023-02-24
langchain-ai/langchain,2023-02-23
langchain-ai/langchain,2023-02-21
langchain-ai/langchain,2023-02-20
langchain-ai/langchain,2023-02-19
langchain-ai/langchain,2023-02-18
langchain-ai/langchain,2023-02-16
langchain-ai/langchain,2023-02-15
langchain-ai/langchain,2023-02-14
langchain-ai/langchain,2023-02-13
langchain-ai/langchain,2023-02-12
langchain-ai/langchain,2023-02-11
langchain-ai/langchain,2023-02-10
langchain-ai/langchain,2023-02-09
langchain-ai/langchain,2023-02-08
langchain-ai/langchain,2023-02-07
langchain-ai/langchain,2023-02-06
langchain-ai/langchain,2023-02-03
langchain-ai/langchain,2023-02-02
langchain-ai/langchain,2023-01-31
langchain-ai/langchain,2023-01-29
langchain-ai/langchain,2023-01-27
langchain-ai/langchain,2023-01-27
langchain-ai/langchain,2023-01-27
langchain-ai/langchain,2023-01-26
langchain-ai/langchain,2023-01-24
langchain-ai/langchain,2023-01-23
langchain-ai/langchain,2023-01-22
langchain-ai/langchain,2023-01-20
langchain-ai/langchain,2023-01-18
langchain-ai/langchain,2023-01-16
langchain-ai/langgraph,2025-04-24
langchain-ai/langgraph,2025-04-23
langchain-ai/langgraph,2025-04-23
langchain-ai/langgraph,2025-04-22
langchain-ai/langgraph,2025-04-22
langchain-ai/langgraph,2025-04-21
langchain-ai/langgraph,2025-04-18
langchain-ai/langgraph,2025-04-17
langchain-ai/langgraph,2025-04-17
langchain-ai/langgraph,2025-04-17
langchain-ai/langgraph,2025-04-16
langchain-ai/langgraph,2025-04-14
langchain-ai/langgraph,2025-04-11
langchain-ai/langgraph,2025-04-11
langchain-ai/langgraph,2025-04-11
langchain-ai/langgraph,2025-04-10
langchain-ai/langgraph,2025-04-10
langchain-ai/langgraph,2025-04-08
langchain-ai/langgraph,2025-04-08
langchain-ai/langgraph,2025-04-04
langchain-ai/langgraph,2025-04-03
langchain-ai/langgraph,2025-04-03
langchain-ai/langgraph,2025-04-03
langchain-ai/langgraph,2025-04-02
langchain-ai/langgraph,2025-04-02
langchain-ai/langgraph,2025-04-03
langchain-ai/langgraph,2025-04-02
langchain-ai/langgraph,2025-04-02
langchain-ai/langgraph,2025-04-01
langchain-ai/langgraph,2025-04-01
langchain-ai/langgraph,2025-03-28
langchain-ai/langgraph,2025-03-27
langchain-ai/langgraph,2025-03-27
langchain-ai/langgraph,2025-03-26
langchain-ai/langgraph,2025-03-25
langchain-ai/langgraph,2025-03-25
langchain-ai/langgraph,2025-03-25
langchain-ai/langgraph,2025-03-25
langchain-ai/langgraph,2025-03-25
langchain-ai/langgraph,2025-03-25
langchain-ai/langgraph,2025-03-24
langchain-ai/langgraph,2025-03-24
langchain-ai/langgraph,2025-03-21
langchain-ai/langgraph,2025-03-21
langchain-ai/langgraph,2025-03-21
langchain-ai/langgraph,2025-03-20
langchain-ai/langgraph,2025-03-19
langchain-ai/langgraph,2025-03-19
langchain-ai/langgraph,2025-03-19
langchain-ai/langgraph,2025-03-19
langchain-ai/langgraph,2025-03-18
langchain-ai/langgraph,2025-03-18
langchain-ai/langgraph,2025-03-18
langchain-ai/langgraph,2025-03-18
langchain-ai/langgraph,2025-03-17
langchain-ai/langgraph,2025-03-17
langchain-ai/langgraph,2025-03-14
langchain-ai/langgraph,2025-03-14
langchain-ai/langgraph,2025-03-14
langchain-ai/langgraph,2025-03-14
langchain-ai/langgraph,2025-03-14
langchain-ai/langgraph,2025-03-13
langchain-ai/langgraph,2025-03-13
langchain-ai/langgraph,2025-03-12
langchain-ai/langgraph,2025-03-12
langchain-ai/langgraph,2025-03-12
langchain-ai/langgraph,2025-03-12
langchain-ai/langgraph,2025-03-12
langchain-ai/langgraph,2025-03-11
langchain-ai/langgraph,2025-03-10
langchain-ai/langgraph,2025-03-07
langchain-ai/langgraph,2025-03-07
langchain-ai/langgraph,2025-03-06
langchain-ai/langgraph,2025-03-06
langchain-ai/langgraph,2025-03-06
langchain-ai/langgraph,2025-03-06
langchain-ai/langgraph,2025-03-05
langchain-ai/langgraph,2025-03-04
langchain-ai/langgraph,2025-03-04
langchain-ai/langgraph,2025-02-28
langchain-ai/langgraph,2025-02-27
langchain-ai/langgraph,2025-02-27
langchain-ai/langgraph,2025-02-27
langchain-ai/langgraph,2025-02-26
langchain-ai/langgraph,2025-02-26
langchain-ai/langgraph,2025-02-20
langchain-ai/langgraph,2025-02-20
langchain-ai/langgraph,2025-02-19
langchain-ai/langgraph,2025-02-19
langchain-ai/langgraph,2025-02-18
langchain-ai/langgraph,2025-02-15
langchain-ai/langgraph,2025-02-15
langchain-ai/langgraph,2025-02-15
langchain-ai/langgraph,2025-02-15
langchain-ai/langgraph,2025-02-14
langchain-ai/langgraph,2025-02-13
langchain-ai/langgraph,2025-02-13
langchain-ai/langgraph,2025-02-13
langchain-ai/langgraph,2025-02-13
langchain-ai/langgraph,2025-02-11
langchain-ai/langgraph,2025-02-09
langchain-ai/langgraph,2025-02-06
langchain-ai/langgraph,2025-02-06
langchain-ai/langgraph,2025-01-31
langchain-ai/langgraph,2025-01-29
langchain-ai/langgraph,2025-01-28
langchain-ai/langgraph,2025-01-25
langchain-ai/langgraph,2025-01-23
langchain-ai/langgraph,2025-01-21
langchain-ai/langgraph,2025-01-21
langchain-ai/langgraph,2025-01-20
langchain-ai/langgraph,2025-01-17
langchain-ai/langgraph,2025-01-16
langchain-ai/langgraph,2025-01-16
langchain-ai/langgraph,2025-01-15
langchain-ai/langgraph,2025-01-15
langchain-ai/langgraph,2025-01-15
langchain-ai/langgraph,2025-01-14
langchain-ai/langgraph,2025-01-14
langchain-ai/langgraph,2025-01-14
langchain-ai/langgraph,2025-01-14
langchain-ai/langgraph,2025-01-13
langchain-ai/langgraph,2025-01-10
langchain-ai/langgraph,2025-01-09
langchain-ai/langgraph,2025-01-09
langchain-ai/langgraph,2025-01-09
langchain-ai/langgraph,2025-01-05
langchain-ai/langgraph,2024-12-20
langchain-ai/langgraph,2024-12-19
langchain-ai/langgraph,2024-12-18
langchain-ai/langgraph,2024-12-18
langchain-ai/langgraph,2024-12-17
langchain-ai/langgraph,2024-12-17
langchain-ai/langgraph,2024-12-16
langchain-ai/langgraph,2024-12-14
langchain-ai/langgraph,2024-12-14
langchain-ai/langgraph,2024-12-14
langchain-ai/langgraph,2024-12-12
langchain-ai/langgraph,2024-12-12
langchain-ai/langgraph,2024-12-11
langchain-ai/langgraph,2024-12-10
langchain-ai/langgraph,2024-12-10
langchain-ai/langgraph,2024-12-05
langchain-ai/langgraph,2024-12-05
langchain-ai/langgraph,2024-12-06
langchain-ai/langgraph,2024-12-05
langchain-ai/langgraph,2024-12-03
langchain-ai/langgraph,2024-12-03
langchain-ai/langgraph,2024-12-03
langchain-ai/langgraph,2024-12-03
langchain-ai/langgraph,2024-11-29
langchain-ai/langgraph,2024-11-28
langchain-ai/langgraph,2024-11-28
langchain-ai/langgraph,2024-11-28
langchain-ai/langgraph,2024-11-28
langchain-ai/langgraph,2024-11-28
langchain-ai/langgraph,2024-11-28
langchain-ai/langgraph,2024-11-28
langchain-ai/langgraph,2024-11-27
langchain-ai/langgraph,2024-11-26
langchain-ai/langgraph,2024-11-26
langchain-ai/langgraph,2024-11-25
langchain-ai/langgraph,2024-11-21
langchain-ai/langgraph,2024-11-21
langchain-ai/langgraph,2024-11-21
langchain-ai/langgraph,2024-11-21
langchain-ai/langgraph,2024-11-19
langchain-ai/langgraph,2024-11-19
langchain-ai/langgraph,2024-11-19
langchain-ai/langgraph,2024-11-19
langchain-ai/langgraph,2024-11-18
langchain-ai/langgraph,2024-11-18
langchain-ai/langgraph,2024-11-15
langchain-ai/langgraph,2024-11-15
langchain-ai/langgraph,2024-11-15
langchain-ai/langgraph,2024-11-14
langchain-ai/langgraph,2024-11-14
langchain-ai/langgraph,2024-11-14
langchain-ai/langgraph,2024-11-13
langchain-ai/langgraph,2024-11-13
langchain-ai/langgraph,2024-11-13
langchain-ai/langgraph,2024-11-04
langchain-ai/langgraph,2024-11-04
langchain-ai/langgraph,2024-11-02
langchain-ai/langgraph,2024-10-31
langchain-ai/langgraph,2024-10-31
langchain-ai/langgraph,2024-10-31
langchain-ai/langgraph,2024-10-31
langchain-ai/langgraph,2024-10-28
langchain-ai/langgraph,2024-10-25
langchain-ai/langgraph,2024-10-24
langchain-ai/langgraph,2024-10-24
langchain-ai/langgraph,2024-10-24
langchain-ai/langgraph,2024-10-24
langchain-ai/langgraph,2024-10-23
langchain-ai/langgraph,2024-10-18
langchain-ai/langgraph,2024-10-15
langchain-ai/langgraph,2024-10-15
langchain-ai/langgraph,2024-10-14
langchain-ai/langgraph,2024-10-14
langchain-ai/langgraph,2024-10-09
langchain-ai/langgraph,2024-10-08
langchain-ai/langgraph,2024-10-06
langchain-ai/langgraph,2024-10-02
langchain-ai/langgraph,2024-10-02
langchain-ai/langgraph,2024-10-01
langchain-ai/langgraph,2024-10-01
langchain-ai/langgraph,2024-10-01
langchain-ai/langgraph,2024-10-01
langchain-ai/langgraph,2024-10-01
langchain-ai/langgraph,2024-09-30
langchain-ai/langgraph,2024-09-30
langchain-ai/langgraph,2024-09-30
langchain-ai/langgraph,2024-09-30
langchain-ai/langgraph,2024-09-30
langchain-ai/langgraph,2024-09-30
langchain-ai/langgraph,2024-09-30
langchain-ai/langgraph,2024-09-27
langchain-ai/langgraph,2024-09-27
langchain-ai/langgraph,2024-09-25
langchain-ai/langgraph,2024-09-24
langchain-ai/langgraph,2024-09-24
langchain-ai/langgraph,2024-09-23
langchain-ai/langgraph,2024-09-23
langchain-ai/langgraph,2024-09-23
langchain-ai/langgraph,2024-09-23
langchain-ai/langgraph,2024-09-23
langchain-ai/langgraph,2024-09-23
langchain-ai/langgraph,2024-09-20
langchain-ai/langgraph,2024-09-16
langchain-ai/langgraph,2024-09-16
langchain-ai/langgraph,2024-09-16
langchain-ai/langgraph,2024-09-13
langchain-ai/langgraph,2024-09-13
langchain-ai/langgraph,2024-09-06
langchain-ai/langgraph,2024-09-06
langchain-ai/langgraph,2024-09-05
langchain-ai/langgraph,2024-09-05
langchain-ai/langgraph,2024-09-03
langchain-ai/langgraph,2024-09-03
langchain-ai/langgraph,2024-09-03
langchain-ai/langgraph,2024-09-01
langchain-ai/langgraph,2024-08-30
langchain-ai/langgraph,2024-08-30
langchain-ai/langgraph,2024-08-30
langchain-ai/langgraph,2024-08-30
langchain-ai/langgraph,2024-08-30
langchain-ai/langgraph,2024-08-30
langchain-ai/langgraph,2024-08-28
langchain-ai/langgraph,2024-08-27
langchain-ai/langgraph,2024-08-26
langchain-ai/langgraph,2024-08-23
langchain-ai/langgraph,2024-08-22
langchain-ai/langgraph,2024-08-22
langchain-ai/langgraph,2024-08-22
langchain-ai/langgraph,2024-08-22
langchain-ai/langgraph,2024-08-21
langchain-ai/langgraph,2024-08-21
langchain-ai/langgraph,2024-08-21
langchain-ai/langgraph,2024-08-21
langchain-ai/langgraph,2024-08-21
langchain-ai/langgraph,2024-08-21
langchain-ai/langgraph,2024-08-15
langchain-ai/langgraph,2024-08-15
langchain-ai/langgraph,2024-08-09
langchain-ai/langgraph,2024-08-08
langchain-ai/langgraph,2024-08-08
langchain-ai/langgraph,2024-08-07
langchain-ai/langgraph,2024-08-07
langchain-ai/langgraph,2024-08-07
langchain-ai/langgraph,2024-08-07
langchain-ai/langgraph,2024-08-07
langchain-ai/langgraph,2024-08-07
langchain-ai/langgraph,2024-08-07
langchain-ai/langgraph,2024-08-07
langchain-ai/langgraph,2024-08-03
langchain-ai/langgraph,2024-08-02
langchain-ai/langgraph,2024-07-31
langchain-ai/langgraph,2024-07-29
langchain-ai/langgraph,2024-07-26
langchain-ai/langgraph,2024-07-24
langchain-ai/langgraph,2024-07-24
langchain-ai/langgraph,2024-07-24
langchain-ai/langgraph,2024-07-23
langchain-ai/langgraph,2024-07-23
langchain-ai/langgraph,2024-07-22
langchain-ai/langgraph,2024-07-18
langchain-ai/langgraph,2024-07-18
langchain-ai/langgraph,2024-07-15
langchain-ai/langgraph,2024-07-12
langchain-ai/langgraph,2024-07-10
langchain-ai/langgraph,2024-07-09
langchain-ai/langgraph,2024-07-09
langchain-ai/langgraph,2024-07-01
langchain-ai/langgraph,2024-06-28
langchain-ai/langgraph,2024-06-28
langchain-ai/langgraph,2024-06-27
langchain-ai/langgraph,2024-06-27
langchain-ai/langgraph,2024-06-27
langchain-ai/langgraph,2024-06-26
langchain-ai/langgraph,2024-06-26
langchain-ai/langgraph,2024-06-26
langchain-ai/langgraph,2024-06-26
langchain-ai/langgraph,2024-06-25
langchain-ai/langgraph,2024-06-21
langchain-ai/langgraph,2024-06-20
langchain-ai/langgraph,2024-06-19
langchain-ai/langgraph,2024-06-19
microsoft/autogen,2025-04-22
microsoft/autogen,2025-04-17
microsoft/autogen,2025-04-15
microsoft/autogen,2025-04-03
microsoft/autogen,2025-03-29
microsoft/autogen,2025-03-17
microsoft/autogen,2025-03-14
microsoft/autogen,2025-03-12
microsoft/autogen,2025-03-07
microsoft/autogen,2025-03-05
microsoft/autogen,2025-03-04
microsoft/autogen,2025-02-17
microsoft/autogen,2025-02-11
microsoft/autogen,2025-02-08
microsoft/autogen,2025-02-01
microsoft/autogen,2025-01-29
microsoft/autogen,2025-01-22
microsoft/autogen,2025-01-16
microsoft/autogen,2025-01-13
microsoft/autogen,2025-01-10
microsoft/autogen,2024-12-30
microsoft/autogen,2024-12-27
microsoft/autogen,2024-12-15
microsoft/autogen,2024-12-12
microsoft/autogen,2024-11-25
microsoft/autogen,2024-11-11
microsoft/autogen,2024-10-23
microsoft/autogen,2024-10-02
microsoft/autogen,2024-08-20
microsoft/autogen,2024-08-12
microsoft/autogen,2024-07-30
microsoft/autogen,2024-07-04
microsoft/autogen,2024-06-22
microsoft/autogen,2024-06-21
microsoft/autogen,2024-06-14
microsoft/autogen,2024-05-31
microsoft/autogen,2024-04-30
microsoft/autogen,2024-04-19
microsoft/autogen,2024-04-17
microsoft/autogen,2024-04-15
microsoft/autogen,2024-04-09
microsoft/autogen,2024-04-06
microsoft/autogen,2024-03-28
microsoft/autogen,2024-03-21
microsoft/autogen,2024-03-12
microsoft/autogen,2024-03-12
microsoft/autogen,2024-03-07
microsoft/autogen,2024-03-01
microsoft/autogen,2024-02-25
microsoft/autogen,2024-02-16
microsoft/autogen,2024-02-11
microsoft/autogen,2024-02-08
microsoft/autogen,2024-02-06
microsoft/autogen,2024-02-02
microsoft/autogen,2024-01-28
microsoft/autogen,2024-01-23
microsoft/autogen,2024-01-18
microsoft/autogen,2024-01-11
microsoft/autogen,2024-01-08
microsoft/autogen,2024-01-08
microsoft/autogen,2024-01-05
microsoft/autogen,2023-12-10
microsoft/autogen,2023-12-06
microsoft/autogen,2023-11-25
microsoft/autogen,2023-11-21
microsoft/autogen,2023-11-13
microsoft/autogen,2023-11-11
microsoft/autogen,2023-11-08
microsoft/autogen,2023-11-06
microsoft/autogen,2023-11-04
microsoft/autogen,2023-10-28
microsoft/autogen,2023-10-21
microsoft/autogen,2023-10-19
microsoft/autogen,2023-10-17
microsoft/autogen,2023-10-10
microsoft/autogen,2023-10-10
microsoft/autogen,2023-10-08
microsoft/autogen,2023-10-07
microsoft/autogen,2023-10-03
microsoft/autogen,2023-10-01
microsoft/autogen,2023-09-30
microsoft/autogen,2023-09-28
microsoft/autogen,2023-09-27
microsoft/autogen,2023-09-21
microsoft/autogen,2023-09-19
microsoft/autogen,2023-09-19
elastic/elasticsearch,2025-04-15
elastic/elasticsearch,2025-04-15
elastic/elasticsearch,2025-04-15
elastic/elasticsearch,2025-03-24
elastic/elasticsearch,2025-03-25
elastic/elasticsearch,2025-03-25
elastic/elasticsearch,2025-03-04
elastic/elasticsearch,2025-03-04
elastic/elasticsearch,2025-02-25
elastic/elasticsearch,2025-02-18
elastic/elasticsearch,2025-02-11
elastic/elasticsearch,2025-02-11
elastic/elasticsearch,2025-01-21
elastic/elasticsearch,2025-01-21
elastic/elasticsearch,2025-01-14
elastic/elasticsearch,2024-12-12
elastic/elasticsearch,2024-12-17
elastic/elasticsearch,2024-12-03
elastic/elasticsearch,2024-11-26
elastic/elasticsearch,2024-11-22
elastic/elasticsearch,2024-11-12
elastic/elasticsearch,2024-11-12
elastic/elasticsearch,2024-10-22
elastic/elasticsearch,2024-10-17
elastic/elasticsearch,2024-09-26
elastic/elasticsearch,2024-09-10
elastic/elasticsearch,2024-09-05
elastic/elasticsearch,2024-08-08
elastic/elasticsearch,2024-07-30
elastic/elasticsearch,2024-07-11
elastic/elasticsearch,2024-07-04
elastic/elasticsearch,2024-06-13
elastic/elasticsearch,2024-06-12
elastic/elasticsearch,2024-06-05
elastic/elasticsearch,2024-05-14
elastic/elasticsearch,2024-05-03
elastic/elasticsearch,2024-05-03
elastic/elasticsearch,2024-04-10
elastic/elasticsearch,2024-04-08
elastic/elasticsearch,2024-04-02
elastic/elasticsearch,2024-03-26
elastic/elasticsearch,2024-03-26
elastic/elasticsearch,2024-02-22
elastic/elasticsearch,2024-02-06
elastic/elasticsearch,2024-02-06
elastic/elasticsearch,2024-01-23
elastic/elasticsearch,2024-01-17
elastic/elasticsearch,2024-01-11
elastic/elasticsearch,2023-12-12
elastic/elasticsearch,2023-12-12
elastic/elasticsearch,2023-12-07
elastic/elasticsearch,2023-11-13
elastic/elasticsearch,2023-11-13
elastic/elasticsearch,2023-11-07
elastic/elasticsearch,2023-10-17
elastic/elasticsearch,2023-10-10
elastic/elasticsearch,2023-10-10
elastic/elasticsearch,2023-09-21
elastic/elasticsearch,2023-09-18
elastic/elasticsearch,2023-09-12
elastic/elasticsearch,2023-09-06
elastic/elasticsearch,2023-09-06
elastic/elasticsearch,2023-08-17
elastic/elasticsearch,2023-07-25
elastic/elasticsearch,2023-07-25
elastic/elasticsearch,2023-06-29
elastic/elasticsearch,2023-06-29
elastic/elasticsearch,2023-06-08
elastic/elasticsearch,2023-05-25
elastic/elasticsearch,2023-05-02
elastic/elasticsearch,2023-05-02
elastic/elasticsearch,2023-03-30
elastic/elasticsearch,2023-02-16
elastic/elasticsearch,2023-02-02
elastic/elasticsearch,2023-01-26
elastic/elasticsearch,2023-01-10
elastic/elasticsearch,2022-12-08
elastic/elasticsearch,2022-12-08
elastic/elasticsearch,2022-11-22
elastic/elasticsearch,2022-11-15
elastic/elasticsearch,2022-11-01
elastic/elasticsearch,2022-10-25
elastic/elasticsearch,2022-10-05
elastic/elasticsearch,2022-09-20
elastic/elasticsearch,2022-08-30
elastic/elasticsearch,2022-08-24
elastic/elasticsearch,2022-08-24
elastic/elasticsearch,2022-07-28
elastic/elasticsearch,2022-07-07
elastic/elasticsearch,2022-06-30
elastic/elasticsearch,2022-06-28
elastic/elasticsearch,2022-06-28
elastic/elasticsearch,2022-06-14
elastic/elasticsearch,2022-05-26
elastic/elasticsearch,2022-05-24
elastic/elasticsearch,2022-05-24
elastic/elasticsearch,2022-05-03
elastic/elasticsearch,2022-04-20
elastic/elasticsearch,2022-04-20
elastic/elasticsearch,2022-03-31
elastic/elasticsearch,2022-03-31
elastic/elasticsearch,2022-03-22
elastic/elasticsearch,2022-03-08
elastic/elasticsearch,2022-03-01
elastic/elasticsearch,2022-02-28
elastic/elasticsearch,2022-02-10
elastic/elasticsearch,2022-02-03
elastic/elasticsearch,2022-02-01
elastic/elasticsearch,2022-01-13
elastic/elasticsearch,2022-01-13
elastic/elasticsearch,2022-01-12
elastic/elasticsearch,2021-12-19
elastic/elasticsearch,2021-12-19
elastic/elasticsearch,2021-12-13
elastic/elasticsearch,2021-12-13
elastic/elasticsearch,2021-12-07
elastic/elasticsearch,2021-11-10
elastic/elasticsearch,2021-11-09
elastic/elasticsearch,2021-10-14
elastic/elasticsearch,2021-10-14
elastic/elasticsearch,2021-09-22
elastic/elasticsearch,2021-09-21
elastic/elasticsearch,2021-09-21
elastic/elasticsearch,2021-09-16
elastic/elasticsearch,2021-09-01
elastic/elasticsearch,2021-08-10
elastic/elasticsearch,2021-08-03
elastic/elasticsearch,2021-08-03
elastic/elasticsearch,2021-07-20
elastic/elasticsearch,2021-07-07
elastic/elasticsearch,2021-07-07
elastic/elasticsearch,2021-06-14
elastic/elasticsearch,2021-06-02
elastic/elasticsearch,2021-05-25
elastic/elasticsearch,2021-05-25
elastic/elasticsearch,2021-04-27
elastic/elasticsearch,2021-03-23
elastic/elasticsearch,2021-03-23
elastic/elasticsearch,2021-03-10
elastic/elasticsearch,2021-02-17
elastic/elasticsearch,2021-02-10
elastic/elasticsearch,2021-02-10
elastic/elasticsearch,2021-01-14
elastic/elasticsearch,2020-12-09
elastic/elasticsearch,2020-11-11
elastic/elasticsearch,2020-10-22
elastic/elasticsearch,2020-10-22
elastic/elasticsearch,2020-09-24
elastic/elasticsearch,2020-09-03
elastic/elasticsearch,2020-08-18
elastic/elasticsearch,2020-08-18
elastic/elasticsearch,2020-07-27
elastic/elasticsearch,2020-07-27
elastic/elasticsearch,2020-06-18
elastic/elasticsearch,2020-06-03
elastic/elasticsearch,2020-06-03
elastic/elasticsearch,2020-05-13
elastic/elasticsearch,2020-05-13
elastic/elasticsearch,2020-03-31
elastic/elasticsearch,2020-03-31
elastic/elasticsearch,2020-03-04
elastic/elasticsearch,2020-03-04
elastic/elasticsearch,2020-02-11
elastic/elasticsearch,2020-01-21
elastic/elasticsearch,2019-12-18
elastic/elasticsearch,2019-12-18
elastic/elasticsearch,2019-12-02
elastic/elasticsearch,2019-11-20
elastic/elasticsearch,2019-10-31
elastic/elasticsearch,2019-10-23
elastic/elasticsearch,2019-10-23
elastic/elasticsearch,2019-10-01
elastic/elasticsearch,2019-09-12
elastic/elasticsearch,2019-09-05
elastic/elasticsearch,2019-08-22
elastic/elasticsearch,2019-07-31
elastic/elasticsearch,2019-07-30
elastic/elasticsearch,2019-07-30
elastic/elasticsearch,2019-06-25
elastic/elasticsearch,2019-06-20
milvus-io/pymilvus,2025-04-23
milvus-io/pymilvus,2025-03-21
milvus-io/pymilvus,2025-03-06
milvus-io/pymilvus,2025-02-24
milvus-io/pymilvus,2025-01-22
milvus-io/pymilvus,2025-01-22
milvus-io/pymilvus,2025-01-02
milvus-io/pymilvus,2024-12-26
milvus-io/pymilvus,2024-12-26
milvus-io/pymilvus,2024-12-23
milvus-io/pymilvus,2024-12-23
milvus-io/pymilvus,2024-12-20
milvus-io/pymilvus,2024-11-26
milvus-io/pymilvus,2024-11-26
milvus-io/pymilvus,2024-10-29
milvus-io/pymilvus,2024-10-12
milvus-io/pymilvus,2024-09-25
milvus-io/pymilvus,2024-08-30
milvus-io/pymilvus,2024-08-09
milvus-io/pymilvus,2024-06-20
milvus-io/pymilvus,2024-05-17
milvus-io/pymilvus,2024-05-14
milvus-io/pymilvus,2024-04-29
milvus-io/pymilvus,2024-08-02
milvus-io/pymilvus,2024-03-20
milvus-io/pymilvus,2024-03-13
milvus-io/pymilvus,2024-01-24
milvus-io/pymilvus,2024-01-03
milvus-io/pymilvus,2023-12-04
milvus-io/pymilvus,2023-11-10
milvus-io/pymilvus,2023-11-14
milvus-io/pymilvus,2023-10-26
milvus-io/pymilvus,2023-09-22
milvus-io/pymilvus,2023-09-15
milvus-io/pymilvus,2023-08-23
milvus-io/pymilvus,2023-08-09
milvus-io/pymilvus,2023-07-24
milvus-io/pymilvus,2023-06-28
milvus-io/pymilvus,2023-06-16
milvus-io/pymilvus,2023-06-14
milvus-io/pymilvus,2023-06-02
milvus-io/pymilvus,2023-04-28
milvus-io/pymilvus,2023-04-18
milvus-io/pymilvus,2023-04-13
milvus-io/pymilvus,2023-04-11
milvus-io/pymilvus,2023-03-29
milvus-io/pymilvus,2023-03-17
milvus-io/pymilvus,2023-03-20
milvus-io/pymilvus,2023-02-10
milvus-io/pymilvus,2022-12-15
milvus-io/pymilvus,2022-11-18
milvus-io/pymilvus,2022-09-28
milvus-io/pymilvus,2022-09-09
milvus-io/pymilvus,2022-08-12
milvus-io/pymilvus,2022-07-22
milvus-io/pymilvus,2022-04-02
milvus-io/pymilvus,2022-02-23
milvus-io/pymilvus,2022-01-25
milvus-io/pymilvus,2021-12-31
milvus-io/pymilvus,2021-11-01
milvus-io/pymilvus,2021-10-11
milvus-io/pymilvus,2021-09-10
milvus-io/pymilvus,2021-08-30
milvus-io/pymilvus,2021-08-16
milvus-io/pymilvus,2021-07-12
milvus-io/pymilvus,2021-06-28
milvus-io/pymilvus,2021-06-09
milvus-io/pymilvus,2021-05-28
milvus-io/pymilvus,2021-04-29
milvus-io/pymilvus,2021-03-08
milvus-io/pymilvus,2021-03-05
milvus-io/pymilvus,2021-01-21
milvus-io/pymilvus,2021-01-06
milvus-io/pymilvus,2020-10-16
milvus-io/pymilvus,2020-07-20
milvus-io/pymilvus,2019-11-04
